date,MACD_Signal,MACD_Hist,MACD
2014-05-14,-10.628,2.9706,-7.6574
2014-05-15,-9.9996,2.5136,-7.486
2014-05-16,-9.4426,2.2281,-7.2145
2014-05-19,-8.8067,2.5436,-6.2631
2014-05-20,-8.1201,2.7464,-5.3737
2014-05-21,-7.2729,3.3887,-3.8842
2014-05-22,-6.2553,4.0706,-2.1847
2014-05-23,-5.048,4.8292,-0.2188
2014-05-27,-3.5622,5.9431,2.3809
2014-05-28,-2.0398,6.0897,4.0499
2014-05-29,-0.5951,5.7788,5.1838
2014-05-30,0.7235,5.2744,5.9979
2014-06-02,1.7972,4.2947,6.092
2014-06-03,2.5136,2.8655,5.3791
2014-06-04,2.9583,1.7786,4.7369
2014-06-05,3.35,1.5669,4.9169
2014-06-06,3.7191,1.4766,5.1957
2014-06-09,4.1387,1.6782,5.8168
2014-06-10,4.5333,1.5786,6.1119
2014-06-11,4.8541,1.283,6.1371
2014-06-12,4.9811,0.5082,5.4894
2014-06-13,4.9753,-0.0233,4.952
2014-06-16,4.7558,-0.8779,3.8779
2014-06-17,4.3828,-1.492,2.8909
2014-06-18,4.0885,-1.1774,2.911
2014-06-19,3.8739,-0.8582,3.0157
2014-06-20,3.7351,-0.5553,3.1798
2014-06-23,3.7796,0.1778,3.9574
2014-06-24,3.9227,0.5725,4.4952
2014-06-25,4.3351,1.6495,5.9845
2014-06-26,4.8424,2.0294,6.8718
2014-06-27,5.3914,2.1961,7.5875
2014-06-30,5.8942,2.0112,7.9055
2014-07-01,6.4462,2.2078,8.654
2014-07-02,6.98,2.1351,9.1151
2014-07-03,7.4967,2.0669,9.5636
2014-07-07,7.919,1.6891,9.6081
2014-07-08,8.0638,0.5794,8.6432
2014-07-09,8.0884,0.0984,8.1869
2014-07-10,7.9385,-0.5998,7.3387
2014-07-11,7.7978,-0.5627,7.2352
2014-07-14,7.7434,-0.2179,7.5255
2014-07-15,7.7267,-0.0667,7.66
2014-07-16,7.6831,-0.1742,7.509
2014-07-17,7.4651,-0.8724,6.5927
2014-07-18,7.4726,0.0302,7.5028
2014-07-21,7.5147,0.1682,7.6829
2014-07-22,7.6431,0.5137,8.1568
2014-07-23,7.8213,0.7128,8.534
2014-07-24,7.9615,0.561,8.5226
2014-07-25,7.9834,0.0876,8.071
2014-07-28,7.937,-0.1857,7.7513
2014-07-29,7.7525,-0.738,7.0145
2014-07-30,7.5023,-1.0007,6.5016
2014-07-31,6.9546,-2.1909,4.7637
2014-08-01,6.145,-3.2384,2.9066
2014-08-04,5.3127,-3.3293,1.9834
2014-08-05,4.3687,-3.7759,0.5928
2014-08-06,3.4151,-3.8144,-0.3994
2014-08-07,2.4496,-3.8621,-1.4126
2014-08-08,1.6079,-3.3667,-1.7588
2014-08-11,0.8701,-2.9511,-2.0809
2014-08-12,0.152,-2.8725,-2.7205
2014-08-13,-0.3242,-1.905,-2.2293
2014-08-14,-0.6253,-1.2041,-1.8294
2014-08-15,-0.8179,-0.7706,-1.5886
2014-08-18,-0.7922,0.1028,-0.6894
2014-08-19,-0.5542,0.9521,0.3979
2014-08-20,-0.2321,1.2883,1.0562
2014-08-21,0.1084,1.3621,1.4705
2014-08-22,0.4295,1.2843,1.7138
2014-08-25,0.6829,1.0137,1.6966
2014-08-26,0.8417,0.6354,1.4771
2014-08-27,0.8216,-0.0805,0.7411
2014-08-28,0.6598,-0.6474,0.0124
2014-08-29,0.4544,-0.8216,-0.3672
2014-09-02,0.3228,-0.5262,-0.2034
2014-09-03,0.2535,-0.2774,-0.024
2014-09-04,0.2906,0.1485,0.4391
2014-09-05,0.4573,0.6667,1.124
2014-09-08,0.7534,1.1847,1.9381
2014-09-09,0.9746,0.8845,1.8591
2014-09-10,1.1682,0.7745,1.9427
2014-09-11,1.3038,0.5426,1.8465
2014-09-12,1.3017,-0.0087,1.2929
2014-09-15,1.17,-0.5265,0.6435
2014-09-16,1.0708,-0.397,0.6738
2014-09-17,1.0715,0.0028,1.0743
2014-09-18,1.2042,0.5307,1.7349
2014-09-19,1.5185,1.2574,2.7759
2014-09-22,1.7878,1.0772,2.865
2014-09-23,1.9111,0.4933,2.4045
2014-09-24,2.0416,0.5218,2.5634
2014-09-25,1.9588,-0.3314,1.6273
2014-09-26,1.7746,-0.7365,1.0381
2014-09-29,1.5208,-1.0152,0.5056
2014-09-30,1.2491,-1.0867,0.1624
2014-10-01,0.8326,-1.6661,-0.8335
2014-10-02,0.3741,-1.8339,-1.4598
2014-10-03,-0.0045,-1.5146,-1.5191
2014-10-06,-0.2802,-1.1029,-1.3831
2014-10-07,-0.6935,-1.653,-2.3465
2014-10-08,-1.0299,-1.3458,-2.3757
2014-10-09,-1.4836,-1.8149,-3.2985
2014-10-10,-2.2452,-3.0462,-5.2914
2014-10-13,-3.3346,-4.3577,-7.6923
2014-10-14,-4.4893,-4.619,-9.1083
2014-10-15,-5.7405,-5.0045,-10.745
2014-10-16,-7.0614,-5.2837,-12.3451
2014-10-17,-8.5536,-5.9687,-14.5223
2014-10-20,-9.9011,-5.3901,-15.2911
2014-10-21,-10.9738,-4.2908,-15.2646
2014-10-22,-11.6945,-2.8831,-14.5776
2014-10-23,-11.9505,-1.0237,-12.9742
2014-10-24,-11.9414,0.0362,-11.9052
2014-10-27,-11.7237,0.8707,-10.853
2014-10-28,-11.2303,1.9739,-9.2564
2014-10-29,-10.5574,2.6916,-7.8657
2014-10-30,-9.7675,3.1592,-6.6083
2014-10-31,-8.7837,3.9354,-4.8483
2014-11-03,-7.7714,4.0494,-3.722
2014-11-04,-6.7942,3.9085,-2.8857
2014-11-05,-6.0056,3.1546,-2.851
2014-11-06,-5.4246,2.3239,-3.1008
2014-11-07,-5.0084,1.6651,-3.3433
2014-11-10,-4.6023,1.624,-2.9783
2014-11-11,-4.1689,1.7339,-2.435
2014-11-12,-3.779,1.5596,-2.2194
2014-11-13,-3.459,1.2799,-2.179
2014-11-14,-3.2074,1.0065,-2.2008
2014-11-17,-3.1303,0.3081,-2.8222
2014-11-18,-3.1832,-0.2117,-3.3949
2014-11-19,-3.2763,-0.3723,-3.6486
2014-11-20,-3.4167,-0.5614,-3.9781
2014-11-21,-3.5289,-0.449,-3.9779
2014-11-24,-3.5814,-0.2098,-3.7912
2014-11-25,-3.5566,0.0992,-3.4574
2014-11-26,-3.4879,0.2748,-3.2131
2014-11-28,-3.364,0.4955,-2.8686
2014-12-01,-3.3325,0.126,-3.2065
2014-12-02,-3.3538,-0.085,-3.4388
2014-12-03,-3.4381,-0.3373,-3.7754
2014-12-04,-3.4541,-0.0641,-3.5182
2014-12-05,-3.6109,-0.6271,-4.2379
2014-12-08,-3.812,-0.8043,-4.6163
2014-12-09,-3.9197,-0.4307,-4.3504
2014-12-10,-4.0708,-0.6048,-4.6756
2014-12-11,-4.1957,-0.4995,-4.6953
2014-12-12,-4.4424,-0.9869,-5.4293
2014-12-15,-4.82,-1.5103,-6.3303
2014-12-16,-5.5425,-2.8901,-8.4326
2014-12-17,-6.2792,-2.9466,-9.2258
2014-12-18,-6.8727,-2.374,-9.2467
2014-12-19,-7.246,-1.493,-8.739
2014-12-22,-7.3091,-0.2527,-7.5619
2014-12-23,-7.0667,0.9696,-6.0972
2014-12-24,-6.6585,1.6331,-5.0253
2014-12-26,-6.0685,2.3598,-3.7087
2014-12-29,-5.4408,2.5108,-2.93
2014-12-30,-4.8085,2.5291,-2.2794
2014-12-31,-4.2597,2.1953,-2.0644
2015-01-02,-3.8076,1.8084,-1.9992
2015-01-05,-3.6057,0.8076,-2.7981
2015-01-06,-3.753,-0.5892,-4.3421
2015-01-07,-4.1166,-1.4544,-5.571
2015-01-08,-4.5621,-1.7822,-6.3443
2015-01-09,-5.1291,-2.268,-7.3971
2015-01-12,-5.7886,-2.6379,-8.4265
2015-01-13,-6.4004,-2.447,-8.8474
2015-01-14,-6.8607,-1.8415,-8.7022
2015-01-15,-7.1718,-1.2441,-8.4159
2015-01-16,-7.2562,-0.3377,-7.5939
2015-01-20,-7.1964,0.239,-6.9574
2015-01-21,-6.8553,1.3645,-5.4908
2015-01-22,-6.0792,3.1043,-2.975
2015-01-23,-4.9687,4.4423,-0.5264
2015-01-26,-3.771,4.7908,1.0199
2015-01-27,-2.8374,3.7344,0.8971
2015-01-28,-2.2494,2.3517,0.1022
2015-01-29,-1.8934,1.4243,-0.469
2015-01-30,-1.3163,2.3084,0.9921
2015-02-02,-0.7243,2.368,1.6437
2015-02-03,-0.1402,2.3364,2.1962
2015-02-04,0.3053,1.7818,2.087
2015-02-05,0.7167,1.6456,2.3623
2015-02-06,1.1381,1.6857,2.8238
2015-02-09,1.4905,1.4098,2.9003
2015-02-10,1.9232,1.7307,3.654
2015-02-11,2.3637,1.7617,4.1254
2015-02-12,2.8915,2.1114,5.0029
2015-02-13,3.5369,2.5816,6.1185
2015-02-17,4.1156,2.3149,6.4306
2015-02-18,4.5628,1.7885,6.3513
2015-02-19,4.9442,1.5256,6.4697
2015-02-20,5.1905,0.9855,6.1761
2015-02-23,5.2152,0.0988,5.314
2015-02-24,5.1545,-0.243,4.9115
2015-02-25,5.1557,0.005,5.1608
2015-02-26,5.3693,0.8542,6.2234
2015-02-27,5.739,1.479,7.218
2015-03-02,6.3807,2.5666,8.9472
2015-03-03,7.1812,3.2023,10.3835
2015-03-04,8.0188,3.3502,11.369
2015-03-05,8.8486,3.3193,12.1679
2015-03-06,9.4879,2.5573,12.0452
2015-03-09,9.9713,1.9335,11.9048
2015-03-10,10.0881,0.467,10.5551
2015-03-11,9.8848,-0.813,9.0718
2015-03-12,9.5382,-1.3865,8.1517
2015-03-13,8.9675,-2.2829,6.6846
2015-03-16,8.3805,-2.3479,6.0326
2015-03-17,7.7364,-2.5762,5.1602
2015-03-18,7.2109,-2.1022,5.1087
2015-03-19,6.7467,-1.8569,4.8897
2015-03-20,6.3676,-1.5161,4.8515
2015-03-23,6.0226,-1.38,4.6426
2015-03-24,5.8849,-0.551,5.3338
2015-03-25,5.6889,-0.784,4.9048
2015-03-26,5.396,-1.1716,4.2244
2015-03-27,4.9364,-1.8381,3.0984
2015-03-30,4.4442,-1.969,2.4752
2015-03-31,3.8828,-2.2456,1.6372
2015-04-01,3.2119,-2.6838,0.5281
2015-04-02,2.3879,-3.2956,-0.9077
2015-04-06,1.5256,-3.4493,-1.9237
2015-04-07,0.685,-3.3625,-2.6775
2015-04-08,-0.0263,-2.8451,-2.8714
2015-04-09,-0.6324,-2.4244,-3.0568
2015-04-10,-1.1517,-2.077,-3.2287
2015-04-13,-1.6,-1.7935,-3.3935
2015-04-14,-2.1169,-2.0675,-4.1844
2015-04-15,-2.6107,-1.975,-4.5857
2015-04-16,-3.0378,-1.7086,-4.7465
2015-04-17,-3.5495,-2.0466,-5.5961
2015-04-20,-3.8984,-1.3958,-5.2942
2015-04-21,-4.1407,-0.9691,-5.1098
2015-04-22,-4.2079,-0.2689,-4.4768
2015-04-23,-4.0305,0.7098,-3.3207
2015-04-24,-3.4117,2.4752,-0.9364
2015-04-27,-2.6955,2.8648,0.1693
2015-04-28,-1.9766,2.8754,0.8988
2015-04-29,-1.3627,2.4559,1.0932
2015-04-30,-1.0308,1.3273,0.2965
2015-05-01,-0.8819,0.5956,-0.2864
2015-05-04,-0.8076,0.2975,-0.51
2015-05-05,-0.9412,-0.5344,-1.4756
2015-05-06,-1.301,-1.4392,-2.7402
2015-05-07,-1.6773,-1.5055,-3.1828
2015-05-08,-1.9205,-0.9729,-2.8934
2015-05-11,-2.1034,-0.7314,-2.8347
2015-05-12,-2.3402,-0.9475,-3.2877
2015-05-13,-2.584,-0.9749,-3.5589
2015-05-14,-2.6733,-0.3572,-3.0304
2015-05-15,-2.7276,-0.2172,-2.9448
2015-05-18,-2.7756,-0.1922,-2.9678
2015-05-19,-2.7302,0.1818,-2.5484
2015-05-20,-2.5918,0.5535,-2.0383
2015-05-21,-2.3449,0.9878,-1.357
2015-05-22,-2.0757,1.0765,-0.9993
2015-05-26,-1.9264,0.5974,-1.329
2015-05-27,-1.7364,0.7601,-0.9763
2015-05-28,-1.527,0.8374,-0.6896
2015-05-29,-1.4354,0.3664,-1.069
2015-06-01,-1.3891,0.1851,-1.2041
2015-06-02,-1.2877,0.4056,-0.8822
2015-06-03,-1.1362,0.6064,-0.5298
2015-06-04,-1.016,0.4804,-0.5356
2015-06-05,-0.9734,0.1705,-0.8029
2015-06-08,-1.0831,-0.4387,-1.5217
2015-06-09,-1.2822,-0.7965,-2.0787
2015-06-10,-1.3645,-0.3292,-1.6937
2015-06-11,-1.3993,-0.1393,-1.5387
2015-06-12,-1.4358,-0.1458,-1.5816
2015-06-15,-1.5499,-0.4565,-2.0064
2015-06-16,-1.688,-0.5525,-2.2405
2015-06-17,-1.8124,-0.4975,-2.3099
2015-06-18,-1.7983,0.0563,-1.7421
2015-06-19,-1.6948,0.4143,-1.2805
2015-06-22,-1.5127,0.7281,-0.7846
2015-06-23,-1.2511,1.0466,-0.2045
2015-06-24,-0.9925,1.0343,0.0417
2015-06-25,-0.7888,0.8148,0.026
2015-06-26,-0.6849,0.4158,-0.269
2015-06-29,-0.8096,-0.4988,-1.3084
2015-06-30,-1.0853,-1.103,-2.1884
2015-07-01,-1.4176,-1.3292,-2.7468
2015-07-02,-1.7398,-1.2887,-3.0285
2015-07-06,-2.0434,-1.2144,-3.2578
2015-07-07,-2.2803,-0.9477,-3.2281
2015-07-08,-2.5885,-1.2328,-3.8213
2015-07-09,-2.8579,-1.0775,-3.9354
2015-07-10,-2.9315,-0.2945,-3.2261
2015-07-13,-2.61,1.2862,-1.3238
2015-07-14,-1.8195,3.162,1.3425
2015-07-15,-0.7864,4.1323,3.3459
2015-07-16,0.6595,5.7838,6.4433
2015-07-17,3.772,12.4498,16.2218
2015-07-20,7.5991,15.3085,22.9076
2015-07-21,11.6447,16.1826,27.8273
2015-07-22,15.5855,15.7632,31.3487
2015-07-23,18.9342,13.3946,32.3288
2015-07-24,21.3624,9.713,31.0754
2015-07-27,23.0968,6.9376,30.0344
2015-07-28,24.2646,4.671,28.9356
2015-07-29,25.0234,3.0351,28.0585
2015-07-30,25.4395,1.6646,27.1041
2015-07-31,25.4498,0.041,25.4908
2015-08-03,25.2364,-0.8535,24.3829
2015-08-04,24.8053,-1.7245,23.0808
2015-08-05,24.4355,-1.4789,22.9566
2015-08-06,24.0504,-1.5405,22.51
2015-08-07,23.5033,-2.1885,21.3148
2015-08-10,22.8047,-2.7944,20.0103
2015-08-11,22.4274,-1.5094,20.918
2015-08-12,22.2006,-0.9071,21.2935
2015-08-13,21.9799,-0.8829,21.0969
2015-08-14,21.7351,-0.9791,20.7559
2015-08-17,21.4983,-0.9469,20.5514
2015-08-18,21.1544,-1.3756,19.7788
2015-08-19,20.7893,-1.4606,19.3286
2015-08-20,20.1581,-2.5248,17.6333
2015-08-21,18.7992,-5.4354,13.3639
2015-08-24,16.6478,-8.6056,8.0422
2015-08-25,13.954,-10.7751,3.1789
2015-08-26,11.7725,-8.726,3.0466
2015-08-27,10.1431,-6.5178,3.6253
2015-08-28,8.8066,-5.3459,3.4607
2015-08-31,7.5102,-5.1856,2.3246
2015-09-01,5.9634,-6.1874,-0.2241
2015-09-02,4.5911,-5.4892,-0.8981
2015-09-03,3.2606,-5.3219,-2.0614
2015-09-04,1.9301,-5.322,-3.392
2015-09-08,0.8876,-4.1698,-3.2822
2015-09-09,0.0474,-3.3609,-3.3135
2015-09-10,-0.4845,-2.1274,-2.6119
2015-09-11,-0.7235,-0.9563,-1.6798
2015-09-14,-0.8053,-0.327,-1.1323
2015-09-15,-0.5924,0.8514,0.2589
2015-09-16,-0.1914,1.6043,1.413
2015-09-17,0.4175,2.4355,2.853
2015-09-18,0.906,1.9539,2.8599
2015-09-21,1.3901,1.9364,3.3265
2015-09-22,1.6395,0.9975,2.637
2015-09-23,1.7197,0.3208,2.0405
2015-09-24,1.7406,0.0837,1.8243
2015-09-25,1.4986,-0.9678,0.5308
2015-09-28,0.8287,-2.6798,-1.8511
2015-09-29,-0.075,-3.6148,-3.6898
2015-09-30,-0.8631,-3.1523,-4.0154
2015-10-01,-1.4896,-2.5062,-3.9958
2015-10-02,-1.7295,-0.9594,-2.6889
2015-10-05,-1.4781,1.0053,-0.4728
2015-10-06,-0.8654,2.4509,1.5855
2015-10-07,-0.1054,3.0399,2.9344
2015-10-08,0.6561,3.0464,3.7025
2015-10-09,1.4483,3.1688,4.6171
2015-10-12,2.2637,3.2614,5.5251
2015-10-13,3.1355,3.4872,6.6227
2015-10-14,3.9716,3.3446,7.3162
2015-10-15,4.9014,3.7188,8.6202
2015-10-16,5.8371,3.7431,9.5803
2015-10-19,6.7766,3.7578,10.5344
2015-10-20,7.4013,2.4987,9.8999
2015-10-21,7.6566,1.0215,8.6781
2015-10-22,7.7962,0.5581,8.3543
2015-10-23,8.6391,3.3717,12.0107
2015-10-26,10.031,5.5676,15.5985
2015-10-27,11.6027,6.2868,17.8895
2015-10-28,13.2494,6.5869,19.8363
2015-10-29,14.89,6.5623,21.4523
2015-10-30,16.3093,5.6772,21.9864
2015-11-02,17.6426,5.3334,22.976
2015-11-03,18.8288,4.7445,23.5733
2015-11-04,19.9125,4.3348,24.2472
2015-11-05,20.8799,3.8696,24.7494
2015-11-06,21.7161,3.345,25.061
2015-11-09,22.2353,2.0767,24.312
2015-11-10,22.5326,1.1892,23.7217
2015-11-11,22.7368,0.8169,23.5537
2015-11-12,22.7536,0.0674,22.821
2015-11-13,22.3733,-1.5215,20.8517
2015-11-16,21.9037,-1.8784,20.0253
2015-11-17,21.2945,-2.4368,18.8576
2015-11-18,20.8157,-1.9151,18.9005
2015-11-19,20.3709,-1.779,18.5919
2015-11-20,20.2146,-0.6253,19.5893
2015-11-23,20.1913,-0.0932,20.098
2015-11-24,20.0837,-0.4304,19.6533
2015-11-25,19.8811,-0.8105,19.0706
2015-11-27,19.6179,-1.0529,18.565
2015-11-30,19.1635,-1.8173,17.3463
2015-12-01,18.9595,-0.8161,18.1434
2015-12-02,18.8055,-0.6161,18.1894
2015-12-03,18.491,-1.2578,17.2332
2015-12-04,18.278,-0.852,17.426
2015-12-07,18.0413,-0.9468,17.0945
2015-12-08,17.747,-1.1773,16.5697
2015-12-09,17.2199,-2.1085,15.1114
2015-12-10,16.5009,-2.8758,13.6252
2015-12-11,15.4929,-4.0322,11.4607
2015-12-14,14.4631,-4.119,10.3442
2015-12-15,13.3711,-4.3681,9.003
2015-12-16,12.5012,-3.4798,9.0214
2015-12-17,11.6494,-3.4072,8.2422
2015-12-18,10.6656,-3.9351,6.7305
2015-12-21,9.7613,-3.617,6.1443
2015-12-22,8.9677,-3.1747,5.7929
2015-12-23,8.2694,-2.7931,5.4763
2015-12-24,7.6182,-2.6047,5.0135
2015-12-28,7.2384,-1.5191,5.7193
2015-12-29,7.257,0.0742,7.3311
2015-12-30,7.4183,0.6454,8.0637
2015-12-31,7.4504,0.1285,7.5789
2016-01-04,7.111,-1.3576,5.7534
2016-01-05,6.5521,-2.2355,4.3166
2016-01-06,5.8866,-2.662,3.2247
2016-01-07,4.9009,-3.9429,0.958
2016-01-08,3.5648,-5.3445,-1.7797
2016-01-11,2.0958,-5.8758,-3.7799
2016-01-12,0.7761,-5.2791,-4.5031
2016-01-13,-0.7898,-6.2635,-7.0533
2016-01-14,-2.2001,-5.6412,-7.8414
2016-01-15,-3.7574,-6.229,-9.9864
2016-01-19,-5.1994,-5.7683,-10.9677
2016-01-20,-6.5351,-5.3428,-11.8779
2016-01-21,-7.5894,-4.217,-11.8064
2016-01-22,-8.097,-2.0303,-10.1273
2016-01-25,-8.4335,-1.3461,-9.7796
2016-01-26,-8.6041,-0.6824,-9.2864
2016-01-27,-8.8503,-0.985,-9.8353
2016-01-28,-8.6168,0.9341,-7.6827
2016-01-29,-7.8839,2.9317,-4.9521
2016-02-01,-6.714,4.6795,-2.0344
2016-02-02,-5.1144,6.3982,1.2838
2016-02-03,-3.9192,4.7808,0.8615
2016-02-04,-3.3334,2.3434,-0.99
2016-02-05,-3.5425,-0.8365,-4.379
2016-02-08,-4.2441,-2.8064,-7.0505
2016-02-09,-5.2818,-4.1508,-9.4326
2016-02-10,-6.3678,-4.3441,-10.7119
2016-02-11,-7.4288,-4.2439,-11.6728
2016-02-12,-8.4129,-3.9363,-12.3492
2016-02-16,-9.1408,-2.9116,-12.0523
2016-02-17,-9.3715,-0.9229,-10.2944
2016-02-18,-9.4335,-0.2478,-9.6813
2016-02-19,-9.3081,0.5015,-8.8066
2016-02-22,-8.9621,1.3839,-7.5782
2016-02-23,-8.6448,1.269,-7.3758
2016-02-24,-8.2833,1.4461,-6.8372
2016-02-25,-7.7954,1.9518,-5.8435
2016-02-26,-7.2468,2.1941,-5.0527
2016-02-29,-6.789,1.8312,-4.9578
2016-03-01,-6.0609,2.9124,-3.1486
2016-03-02,-5.1871,3.4951,-1.692
2016-03-03,-4.3586,3.3141,-1.0445
2016-03-04,-3.6164,2.969,-0.6473
2016-03-07,-3.2098,1.6262,-1.5836
2016-03-08,-3.0466,0.6526,-2.394
2016-03-09,-2.8578,0.7552,-2.1026
2016-03-10,-2.5354,1.2897,-1.2457
2016-03-11,-1.917,2.4737,0.5567
2016-03-14,-1.0826,3.3378,2.2552
2016-03-15,-0.1885,3.5764,3.388
2016-03-16,0.8204,4.0355,4.8559
2016-03-17,1.8734,4.212,6.0854
2016-03-18,2.8917,4.0733,6.965
2016-03-21,3.9,4.033,7.933
2016-03-22,4.8188,3.6753,8.4941
2016-03-23,5.5795,3.0428,8.6223
2016-03-24,6.1444,2.2598,8.4043
2016-03-28,6.5149,1.4817,7.9965
2016-03-29,6.9084,1.5742,8.4826
2016-03-30,7.372,1.8542,9.2262
2016-03-31,7.7493,1.5092,9.2585
2016-04-01,8.1142,1.4598,9.574
2016-04-04,8.3601,0.9835,9.3435
2016-04-05,8.3799,0.0791,8.459
2016-04-06,8.3637,-0.0647,8.299
2016-04-07,8.2204,-0.573,7.6475
2016-04-08,7.9683,-1.0086,6.9597
2016-04-11,7.5943,-1.496,6.0983
2016-04-12,7.2577,-1.3462,5.9115
2016-04-13,7.0834,-0.6972,6.3862
2016-04-14,7.0274,-0.224,6.8034
2016-04-15,7.125,0.3904,7.5154
2016-04-18,7.419,1.1757,8.5947
2016-04-19,7.6013,0.7295,8.3308
2016-04-20,7.6668,0.2618,7.9286
2016-04-21,7.7413,0.298,8.0393
2016-04-22,7.1558,-2.3418,4.814
2016-04-25,6.241,-3.6594,2.5816
2016-04-26,4.9139,-5.3082,-0.3943
2016-04-27,3.3502,-6.2549,-2.9048
2016-04-28,1.476,-7.4968,-6.0208
2016-04-29,-0.4661,-7.7686,-8.2347
2016-05-02,-2.2651,-7.1956,-9.4607
2016-05-03,-3.968,-6.812,-10.78
2016-05-04,-5.4593,-5.9651,-11.4244
2016-05-05,-6.6358,-4.7061,-11.342
2016-05-06,-7.3837,-2.9914,-10.3751
2016-05-09,-7.7784,-1.579,-9.3574
2016-05-10,-7.7494,0.1161,-7.6334
2016-05-11,-7.5646,0.7395,-6.825
2016-05-12,-7.306,1.0341,-6.2719
2016-05-13,-7.0378,1.0729,-5.9649
2016-05-16,-6.6712,1.4663,-5.2049
2016-05-17,-6.4107,1.0421,-5.3685
2016-05-18,-6.2093,0.8056,-5.4037
2016-05-19,-6.142,0.269,-5.873
2016-05-20,-5.9981,0.5757,-5.4224
2016-05-23,-5.8877,0.4415,-5.4462
2016-05-24,-5.5379,1.3994,-4.1384
2016-05-25,-4.961,2.3075,-2.6535
2016-05-26,-4.2791,2.7276,-1.5515
2016-05-27,-3.4211,3.4319,0.0108
2016-05-31,-2.4411,3.9199,1.4788
2016-06-01,-1.4556,3.9424,2.4868
2016-06-02,-0.5746,3.5237,2.9491
2016-06-03,0.0672,2.5675,2.6347
2016-06-06,0.4331,1.4634,1.8965
2016-06-07,0.6074,0.6971,1.3045
2016-06-08,0.8366,0.9169,1.7535
2016-06-09,1.0911,1.0182,2.1093
2016-06-10,1.1994,0.4331,1.6325
2016-06-13,1.1909,-0.0343,1.1566
2016-06-14,1.1054,-0.342,0.7633
2016-06-15,0.984,-0.4856,0.4984
2016-06-16,0.7076,-1.1053,-0.3977
2016-06-17,0.0497,-2.6319,-2.5822
2016-06-20,-0.7814,-3.3241,-4.1055
2016-06-21,-1.64,-3.4344,-5.0743
2016-06-22,-2.4428,-3.2115,-5.6543
2016-06-23,-3.0927,-2.5997,-5.6924
2016-06-24,-4.0309,-3.7525,-7.7834
2016-06-27,-5.2023,-4.6858,-9.8881
2016-06-28,-6.2588,-4.2259,-10.4847
2016-06-29,-7.1086,-3.3993,-10.508
2016-06-30,-7.6407,-2.1283,-9.7691
2016-07-01,-7.8149,-0.6967,-8.5116
2016-07-05,-7.8131,0.0071,-7.806
2016-07-06,-7.631,0.7285,-6.9026
2016-07-07,-7.3665,1.0582,-6.3083
2016-07-08,-6.8835,1.9319,-4.9516
2016-07-11,-6.1223,3.0448,-3.0776
2016-07-12,-5.1241,3.9927,-1.1315
2016-07-13,-4.0765,4.1906,0.1141
2016-07-14,-2.9801,4.3856,1.4055
2016-07-15,-1.9214,4.2348,2.3134
2016-07-18,-0.7152,4.8248,4.1096
2016-07-19,0.5726,5.1512,5.7237
2016-07-20,1.9102,5.3504,7.2606
2016-07-21,3.1637,5.014,8.1777
2016-07-22,4.3571,4.7738,9.1309
2016-07-25,5.3931,4.1437,9.5368
2016-07-26,6.2421,3.3962,9.6384
2016-07-27,6.9688,2.9066,9.8753
2016-07-28,7.6308,2.648,10.2787
2016-07-29,8.5652,3.7377,12.3028
2016-08-01,9.6671,4.4076,14.0747
2016-08-02,10.7653,4.3929,15.1582
2016-08-03,11.8128,4.1899,16.0026
2016-08-04,12.7215,3.6351,16.3566
2016-08-05,13.636,3.6579,17.2939
2016-08-08,14.4677,3.3268,17.7945
2016-08-09,15.2109,2.9725,18.1834
2016-08-10,15.8315,2.4828,18.3143
2016-08-11,16.3096,1.9122,18.2217
2016-08-12,16.61,1.2016,17.8115
2016-08-15,16.733,0.492,17.225
2016-08-16,16.6156,-0.4693,16.1463
2016-08-17,16.3601,-1.022,15.3381
2016-08-18,15.9557,-1.6178,14.3379
2016-08-19,15.4096,-2.1846,13.225
2016-08-22,14.7159,-2.7745,11.9414
2016-08-23,13.9316,-3.1374,10.7942
2016-08-24,13.0608,-3.4832,9.5776
2016-08-25,12.148,-3.651,8.497
2016-08-26,11.2312,-3.6673,7.5639
2016-08-29,10.3759,-3.4211,6.9549
2016-08-30,9.5316,-3.3773,6.1543
2016-08-31,8.6841,-3.3899,5.2942
2016-09-01,7.8869,-3.1889,4.6981
2016-09-02,7.1878,-2.7966,4.3912
2016-09-06,6.7079,-1.9195,4.7884
2016-09-07,6.3796,-1.3131,5.0666
2016-09-08,6.0688,-1.2433,4.8255
2016-09-09,5.5215,-2.1891,3.3324
2016-09-12,4.9915,-2.1202,2.8713
2016-09-13,4.3398,-2.6067,1.7331
2016-09-14,3.6808,-2.6359,1.0449
2016-09-15,3.1913,-1.958,1.2333
2016-09-16,2.7805,-1.6434,1.1371
2016-09-19,2.3834,-1.5883,0.7951
2016-09-20,2.1014,-1.1279,0.9736
2016-09-21,1.9784,-0.4923,1.486
2016-09-22,2.1321,0.6151,2.7473
2016-09-23,2.4416,1.2378,3.6794
2016-09-26,2.6244,0.7311,3.3555
2016-09-27,2.8526,0.9128,3.7654
2016-09-28,3.0677,0.8604,3.928
2016-09-29,3.1518,0.3364,3.4882
2016-09-30,3.1786,0.1071,3.2857
2016-10-03,3.0853,-0.373,2.7123
2016-10-04,2.9764,-0.4356,2.5408
2016-10-05,2.8573,-0.4765,2.3807
2016-10-06,2.7377,-0.4784,2.2593
2016-10-07,2.5894,-0.593,1.9964
2016-10-10,2.5983,0.0357,2.634
2016-10-11,2.6536,0.221,2.8746
2016-10-12,2.7779,0.4973,3.2752
2016-10-13,2.8058,0.1117,2.9176
2016-10-14,2.7709,-0.1397,2.6313
2016-10-17,2.7149,-0.2239,2.491
2016-10-18,2.8866,0.6867,3.5733
2016-10-19,3.2859,1.5971,4.883
2016-10-20,3.7262,1.7612,5.4874
2016-10-21,4.1989,1.8909,6.0898
2016-10-24,4.8768,2.7117,7.5885
2016-10-25,5.5499,2.6923,8.2422
2016-10-26,6.0348,1.9396,7.9744
2016-10-27,6.3032,1.0737,7.377
2016-10-28,6.4079,0.4185,6.8264
2016-10-31,6.217,-0.7636,5.4534
2016-11-01,5.8218,-1.5806,4.2413
2016-11-02,5.0682,-3.0144,2.0539
2016-11-03,4.0131,-4.2205,-0.2074
2016-11-04,2.8134,-4.7989,-1.9855
2016-11-07,1.9066,-3.6272,-1.7206
2016-11-08,1.3541,-2.2101,-0.8561
2016-11-09,0.9665,-1.5503,-0.5838
2016-11-10,0.3375,-2.5161,-2.1786
2016-11-11,-0.5469,-3.5376,-4.0846
2016-11-14,-1.83,-5.1324,-6.9624
2016-11-15,-2.9341,-4.416,-7.3501
2016-11-16,-3.7657,-3.3265,-7.0922
2016-11-17,-4.2667,-2.0042,-6.2709
2016-11-18,-4.6951,-1.7136,-6.4087
2016-11-21,-4.9067,-0.8462,-5.7529
2016-11-22,-4.9749,-0.2727,-5.2476
2016-11-23,-5.0544,-0.3183,-5.3727
2016-11-25,-5.1144,-0.24,-5.3544
2016-11-28,-5.0427,0.2869,-4.7558
2016-11-29,-4.8392,0.814,-4.0252
2016-11-30,-4.757,0.329,-4.428
2016-12-01,-4.9057,-0.5947,-5.5004
2016-12-02,-5.1389,-0.9332,-6.0721
2016-12-05,-5.2095,-0.2824,-5.492
2016-12-06,-5.217,-0.0299,-5.2469
2016-12-07,-4.9799,0.9485,-4.0314
2016-12-08,-4.5071,1.8911,-2.616
2016-12-09,-3.6958,3.2452,-0.4506
2016-12-12,-2.7067,3.9563,1.2495
2016-12-13,-1.543,4.6551,3.1121
2016-12-14,-0.3117,4.9251,4.6134
2016-12-15,0.9105,4.8887,5.7992
2016-12-16,1.9483,4.1514,6.0997
2016-12-19,2.8661,3.6709,6.5369
2016-12-20,3.6893,3.2928,6.9821
2016-12-21,4.372,2.7309,7.1029
2016-12-22,4.8683,1.9851,6.8534
2016-12-23,5.189,1.283,6.4721
2016-12-27,5.3973,0.8331,6.2304
2016-12-28,5.4081,0.0434,5.4515
2016-12-29,5.2463,-0.6474,4.5989
2016-12-30,4.7977,-1.7943,3.0034
2017-01-03,4.4104,-1.549,2.8614
2017-01-04,4.084,-1.3058,2.7782
2017-01-05,3.9171,-0.6677,3.2494
2017-01-06,4.0435,0.5056,4.5491
2017-01-09,4.3459,1.2096,5.5554
2017-01-10,4.7031,1.4291,6.1322
2017-01-11,5.1151,1.648,6.7631
2017-01-12,5.5034,1.5532,7.0567
2017-01-13,5.8683,1.4593,7.3275
2017-01-17,6.1337,1.0617,7.1953
2017-01-18,6.3322,0.7941,7.1263
2017-01-19,6.4018,0.2784,6.6802
2017-01-20,6.4178,0.0638,6.4816
2017-01-23,6.6126,0.7794,7.392
2017-01-24,6.9671,1.4178,8.3849
2017-01-25,7.5753,2.4331,10.0085
2017-01-26,8.2374,2.6483,10.8857
2017-01-27,8.7387,2.0051,10.7437
2017-01-30,8.7581,0.0776,8.8357
2017-01-31,8.3662,-1.5673,6.7989
2017-02-01,7.7006,-2.6623,5.0383
2017-02-02,6.9261,-3.0984,3.8277
2017-02-03,6.1552,-3.0835,3.0717
2017-02-06,5.4106,-2.9782,2.4324
2017-02-07,4.7991,-2.4462,2.3529
2017-02-08,4.3145,-1.9382,2.3763
2017-02-09,3.944,-1.4822,2.4617
2017-02-10,3.7209,-0.8924,2.8284
2017-02-13,3.6823,-0.1544,3.5278
2017-02-14,3.7722,0.3599,4.1321
2017-02-15,3.906,0.5352,4.4412
2017-02-16,4.134,0.912,5.046
2017-02-17,4.4621,1.3122,5.7742
2017-02-21,4.8827,1.6826,6.5653
2017-02-22,5.3139,1.7247,7.0386
2017-02-23,5.726,1.6486,7.3746
2017-02-24,6.0487,1.2905,7.3392
2017-02-27,6.2947,0.9842,7.2789
2017-02-28,6.3687,0.2958,6.6645
2017-03-01,6.5083,0.5585,7.0668
2017-03-02,6.5934,0.3404,6.9338
2017-03-03,6.6001,0.0268,6.6269
2017-03-06,6.5215,-0.3143,6.2072
2017-03-07,6.4446,-0.3075,6.1371
2017-03-08,6.4133,-0.1251,6.2882
2017-03-09,6.4505,0.1486,6.5991
2017-03-10,6.5868,0.5452,7.1319
2017-03-13,6.7996,0.8512,7.6508
2017-03-14,7.035,0.9416,7.9766
2017-03-15,7.2814,0.9855,8.2669
2017-03-16,7.5303,0.9959,8.5262
2017-03-17,7.804,1.0946,8.8986
2017-03-20,8.0017,0.7906,8.7923
2017-03-21,7.8368,-0.6592,7.1776
2017-03-22,7.4218,-1.6604,5.7614
2017-03-23,6.663,-3.0349,3.6281
2017-03-24,5.6632,-3.9992,1.6641
2017-03-27,4.6329,-4.1213,0.5116
2017-03-28,3.6494,-3.9341,-0.2847
2017-03-29,2.9058,-2.9743,-0.0685
2017-03-30,2.3464,-2.2376,0.1088
2017-03-31,1.8955,-1.8037,0.0917
2017-04-03,1.6753,-0.8808,0.7945
2017-04-04,1.5439,-0.5254,1.0185
2017-04-05,1.4212,-0.4909,0.9303
2017-04-06,1.2508,-0.6817,0.5691
2017-04-07,1.0053,-0.9818,0.0235
2017-04-10,0.7244,-1.1238,-0.3995
2017-04-11,0.4122,-1.2486,-0.8364
2017-04-12,0.1114,-1.2032,-1.0918
2017-04-13,-0.1789,-1.1612,-1.3401
2017-04-17,-0.2298,-0.2038,-0.4336
2017-04-18,-0.1331,0.3867,0.2536
2017-04-19,0.0735,0.8265,0.9
2017-04-20,0.3929,1.2777,1.6706
2017-04-21,0.79,1.5882,2.3782
2017-04-24,1.5253,2.9413,4.4665
2017-04-25,2.5828,4.2301,6.8129
2017-04-26,3.7718,4.7562,8.5281
2017-04-27,5.0126,4.9631,9.9757
2017-04-28,6.7152,6.8105,13.5258
2017-05-01,8.7083,7.9721,16.6803
2017-05-02,10.8207,8.4498,19.2705
2017-05-03,13.0417,8.8841,21.9258
2017-05-04,15.2583,8.8665,24.1248
2017-05-05,17.249,7.9625,25.2114
2017-05-08,19.0686,7.2788,26.3474
2017-05-09,20.6084,6.1589,26.7672
2017-05-10,21.7908,4.7299,26.5207
2017-05-11,22.6668,3.5037,26.1705
2017-05-12,23.2788,2.4483,25.7271
2017-05-15,23.7179,1.7563,25.4743
2017-05-16,24.066,1.3921,25.4581
2017-05-17,23.9108,-0.6206,23.2902
2017-05-18,23.5634,-1.3898,22.1735
2017-05-19,23.12,-1.7734,21.3467
2017-05-22,22.7124,-1.6306,21.0818
2017-05-23,22.4078,-1.2185,21.1892
2017-05-24,22.2305,-0.7088,21.5217
2017-05-25,22.3244,0.3756,22.7001
2017-05-26,22.5633,0.9553,23.5185
2017-05-30,22.8993,1.3442,24.2435
2017-05-31,23.0507,0.6055,23.6562
2017-06-01,23.0592,0.034,23.0932
2017-06-02,23.0631,0.0158,23.0789
2017-06-05,23.1404,0.3089,23.4493
2017-06-06,23.0933,-0.1882,22.9051
2017-06-07,22.9879,-0.4216,22.5663
2017-06-08,22.8385,-0.5978,22.2407
2017-06-09,22.0814,-3.028,19.0534
2017-06-12,20.8224,-5.0361,15.7863
2017-06-13,19.4348,-5.5505,13.8843
2017-06-14,17.9529,-5.9276,12.0253
2017-06-15,16.3139,-6.5561,9.7577
2017-06-16,14.5847,-6.9166,7.6681
2017-06-19,13.1371,-5.7904,7.3467
2017-06-20,11.8044,-5.3308,6.4736
2017-06-21,10.7274,-4.3081,6.4193
2017-06-22,9.805,-3.6896,6.1153
2017-06-23,9.1411,-2.6555,6.4855
2017-06-26,8.4407,-2.8015,5.6391
2017-06-27,7.337,-4.4148,2.9222
2017-06-28,6.2316,-4.4215,1.8101
2017-06-29,4.8068,-5.6995,-0.8927
2017-06-30,3.1008,-6.8237,-3.7228
2017-07-03,1.1411,-7.839,-6.6979
2017-07-05,-0.67,-7.2445,-7.9146
2017-07-06,-2.3716,-6.8064,-9.1781
2017-07-07,-3.7201,-5.394,-9.1141
2017-07-10,-4.6052,-3.5404,-8.1457
2017-07-11,-5.1224,-2.0688,-7.1912
2017-07-12,-5.151,-0.1143,-5.2654
2017-07-13,-4.807,1.3761,-3.4309
2017-07-14,-4.0956,2.8455,-1.2501
2017-07-17,-3.223,3.4906,0.2677
2017-07-18,-2.0965,4.5059,2.4095
2017-07-19,-0.7776,5.2756,4.498
2017-07-20,0.5508,5.3136,5.8645
2017-07-21,1.8904,5.3583,7.2488
2017-07-24,3.2809,5.5618,8.8426
2017-07-25,4.1499,3.4762,7.6261
2017-07-26,4.5909,1.7639,6.3548
2017-07-27,4.5113,-0.3186,4.1927
2017-07-28,4.2179,-1.1735,3.0444
2017-07-31,3.6203,-2.3902,1.2302
2017-08-01,2.8605,-3.0394,-0.1789
2017-08-02,2.0252,-3.3412,-1.3159
2017-08-03,1.0743,-3.8037,-2.7295
2017-08-04,0.167,-3.629,-3.462
2017-08-07,-0.6433,-3.2414,-3.8848
2017-08-08,-1.39,-2.9867,-4.3768
2017-08-09,-2.1166,-2.9061,-5.0227
2017-08-10,-3.0374,-3.6833,-6.7207
2017-08-11,-3.9107,-3.4934,-7.4041
2017-08-14,-4.5675,-2.6271,-7.1947
2017-08-15,-5.0509,-1.9336,-6.9845
2017-08-16,-5.3131,-1.0489,-6.3621
2017-08-17,-5.6658,-1.4108,-7.0767
2017-08-18,-6.0488,-1.5319,-7.5807
2017-08-21,-6.4808,-1.7282,-8.209
2017-08-22,-6.6186,-0.5509,-7.1695
2017-08-23,-6.5127,0.4236,-6.089
2017-08-24,-6.336,0.7066,-5.6294
2017-08-25,-6.1958,0.5607,-5.6352
2017-08-28,-6.105,0.3636,-5.7414
2017-08-29,-5.9165,0.754,-5.1625
2017-08-30,-5.5311,1.5415,-3.9896
2017-08-31,-4.8742,2.6276,-2.2466
2017-09-01,-4.1022,3.088,-1.0141
2017-09-05,-3.431,2.6848,-0.7462
2017-09-06,-2.8605,2.2818,-0.5788
2017-09-07,-2.2468,2.4551,0.2083
2017-09-08,-1.7836,1.8524,0.0688
2017-09-11,-1.394,1.5585,0.1645
2017-09-12,-1.02,1.4961,0.4761
2017-09-13,-0.6249,1.5806,0.9557
2017-09-14,-0.395,0.9195,0.5245
2017-09-15,-0.3568,0.1529,-0.2039
2017-09-18,-0.5242,-0.6699,-1.1942
2017-09-19,-0.702,-0.7112,-1.4132
2017-09-20,-0.7195,-0.0698,-0.7893
2017-09-21,-0.62,0.3979,-0.2221
2017-09-22,-0.5136,0.4257,-0.0879
2017-09-25,-0.5278,-0.057,-0.5849
2017-09-26,-0.5537,-0.1035,-0.6572
2017-09-27,-0.2711,1.1306,0.8595
2017-09-28,0.2707,2.167,2.4377
2017-09-29,1.0991,3.3139,4.413
2017-10-02,1.9682,3.4762,5.4444
2017-10-03,2.8848,3.6663,6.5511
2017-10-04,3.679,3.177,6.856
2017-10-05,4.6382,3.8368,8.4751
2017-10-06,5.7824,4.5769,10.3593
2017-10-09,6.9393,4.6274,11.5667
2017-10-10,7.9574,4.0725,12.0299
2017-10-11,9.0827,4.5012,13.5839
2017-10-12,10.1729,4.3605,14.5334
2017-10-13,11.1901,4.0691,15.2592
2017-10-16,12.1199,3.7191,15.8391
2017-10-17,12.9214,3.2058,16.1272
2017-10-18,13.581,2.6385,16.2194
2017-10-19,13.9528,1.4872,15.44
2017-10-20,14.1527,0.7997,14.9525
2017-10-23,13.8871,-1.0625,12.8246
2017-10-24,13.3453,-2.1672,11.1781
2017-10-25,12.6729,-2.6897,9.9832
2017-10-26,11.9127,-3.0408,8.8719
2017-10-27,11.8554,-0.2291,11.6263
2017-10-30,12.1802,1.2992,13.4794
2017-10-31,12.6922,2.048,14.7402
2017-11-01,13.4071,2.8597,16.2668
2017-11-02,14.1825,3.1014,17.2839
2017-11-03,15.0328,3.4014,18.4342
2017-11-06,15.7464,2.8541,18.6005
2017-11-07,16.4194,2.6921,19.1115
2017-11-08,17.0983,2.7158,19.8142
2017-11-09,17.5694,1.8842,19.4536
2017-11-10,17.7945,0.9005,18.695
2017-11-13,17.7761,-0.0736,17.7025
2017-11-14,17.5695,-0.8264,16.7431
2017-11-15,17.1346,-1.7399,15.3947
2017-11-16,16.7251,-1.6378,15.0873
2017-11-17,16.101,-2.4963,13.6047
2017-11-20,15.3271,-3.0956,12.2316
2017-11-21,14.722,-2.4206,12.3014
2017-11-22,14.2442,-1.911,12.3332
2017-11-24,13.9131,-1.3245,12.5886
2017-11-27,13.8765,-0.1464,13.7301
2017-11-28,13.8863,0.0392,13.9255
2017-11-29,13.4822,-1.6165,11.8657
2017-11-30,12.8051,-2.7083,10.0968
2017-12-01,11.7839,-4.0847,7.6992
2017-12-04,10.3904,-5.574,4.8164
2017-12-05,8.9162,-5.8971,3.0191
2017-12-06,7.6593,-5.0274,2.6319
2017-12-07,6.7874,-3.4877,3.2996
2017-12-08,6.2846,-2.0111,4.2734
2017-12-11,6.0898,-0.7791,5.3108
2017-12-12,6.0745,-0.0611,6.0135
2017-12-13,6.1608,0.3451,6.5059
2017-12-14,6.4284,1.0704,7.4988
2017-12-15,7.0209,2.3701,9.391
2017-12-18,7.9767,3.8229,11.7996
2017-12-19,8.9887,4.0481,13.0368
2017-12-20,9.8711,3.5295,13.4005
2017-12-21,10.5823,2.8451,13.4275
2017-12-22,11.069,1.9465,13.0155
2017-12-26,11.3102,0.9647,12.2749
2017-12-27,11.2415,-0.2747,10.9667
2017-12-28,10.9369,-1.2182,9.7188
2017-12-29,10.4478,-1.9564,8.4915
2018-01-02,10.1416,-1.2248,8.9169
2018-01-03,10.2219,0.3211,10.543
2018-01-04,10.5794,1.4301,12.0096
2018-01-05,11.3205,2.9641,14.2845
2018-01-08,12.3123,3.9675,16.2798
2018-01-09,13.3705,4.2328,17.6033
2018-01-10,14.3261,3.8224,18.1485
2018-01-11,15.1811,3.4198,18.6009
2018-01-12,16.1606,3.9182,20.0788
2018-01-16,17.1221,3.8459,20.968
2018-01-17,18.1459,4.0951,22.241
2018-01-18,19.0787,3.7314,22.8101
2018-01-19,19.9854,3.6266,23.612
2018-01-22,21.0745,4.3565,25.4309
2018-01-23,22.3988,5.2971,27.6958
2018-01-24,23.6585,5.0391,28.6976
2018-01-25,24.8557,4.7887,29.6444
2018-01-26,25.9815,4.5032,30.4847
2018-01-29,26.9402,3.8348,30.775
2018-01-30,27.4928,2.2104,29.7032
2018-01-31,27.7989,1.2246,29.0235
2018-02-01,27.8355,0.1461,27.9816
2018-02-02,26.7474,-4.3523,22.3951
2018-02-05,24.0555,-10.7677,13.2878
2018-02-06,20.8402,-12.8609,7.9793
2018-02-07,16.9072,-15.7321,1.1751
2018-02-08,11.9411,-19.8645,-7.9234
2018-02-09,7.1391,-19.208,-12.069
2018-02-12,2.9013,-16.9511,-14.0498
2018-02-13,-0.7647,-14.6641,-15.4289
2018-02-14,-3.5977,-11.3318,-14.9295
2018-02-15,-5.4356,-7.3515,-12.7871
2018-02-16,-6.4568,-4.0848,-10.5416
2018-02-20,-6.7757,-1.2755,-8.0512
2018-02-21,-6.4805,1.1807,-5.2998
2018-02-22,-5.8763,2.4168,-3.4595
2018-02-23,-4.7751,4.405,-0.3701
2018-02-26,-3.1385,6.5461,3.4076
2018-02-27,-1.6513,5.9488,4.2974
2018-02-28,-0.5483,4.4122,3.864
2018-03-01,-0.3043,0.9758,0.6715
2018-03-02,-0.461,-0.6265,-1.0875
2018-03-05,-0.6678,-0.8274,-1.4951
2018-03-06,-0.8278,-0.6402,-1.4681
2018-03-07,-0.7157,0.4487,-0.267
2018-03-08,-0.1761,2.1582,1.9821
2018-03-09,1.1465,5.2905,6.437
2018-03-12,2.9592,7.2507,10.2098
2018-03-13,4.5571,6.3918,10.949
2018-03-14,6.107,6.1993,12.3063
2018-03-15,7.5329,5.7038,13.2367
2018-03-16,8.5683,4.1416,12.7099
2018-03-19,8.7122,0.5756,9.2878
2018-03-20,8.2363,-1.9038,6.3324
2018-03-21,7.269,-3.869,3.4
2018-03-22,5.361,-7.6318,-2.2707
2018-03-23,2.5124,-11.3947,-8.8823
2018-03-26,-0.2775,-11.1595,-11.437
2018-03-27,-3.6512,-13.4949,-17.1461
2018-03-28,-7.2143,-14.2524,-21.4667
2018-03-29,-10.2585,-12.1765,-22.435
2018-04-02,-13.1983,-11.7594,-24.9578
2018-04-03,-15.7779,-10.3184,-26.0963
2018-04-04,-17.7733,-7.9818,-25.7551
2018-04-05,-19.215,-5.7664,-24.9814
2018-04-06,-20.5214,-5.2259,-25.7473
2018-04-09,-21.4938,-3.8893,-25.3831
2018-04-10,-21.8984,-1.6186,-23.517
2018-04-11,-22.0623,-0.6556,-22.7179
2018-04-12,-21.8163,0.9838,-20.8325
2018-04-13,-21.3284,1.9519,-19.3765
2018-04-16,-20.5267,3.2066,-17.3201
2018-04-17,-18.9465,6.3211,-12.6254
2018-04-18,-16.951,7.9817,-8.9693
2018-04-19,-14.5121,9.7556,-4.7565
2018-04-20,-12.1252,9.5476,-2.5776
