date,SlowK,SlowD
2014-04-08,16.7035,16.1483
2014-04-09,37.1336,22.5157
2014-04-10,41.5007,31.7793
2014-04-11,33.0859,37.2401
2014-04-14,17.721,30.7692
2014-04-15,21.4099,24.0723
2014-04-16,45.191,28.1073
2014-04-17,55.307,40.636
2014-04-21,51.3182,50.6054
2014-04-22,38.1853,48.2702
2014-04-23,24.351,37.9515
2014-04-24,19.2646,27.2669
2014-04-25,6.2851,16.6335
2014-04-28,18.7555,14.7684
2014-04-29,41.7683,22.2696
2014-04-30,68.1747,42.8995
2014-05-01,85.8671,65.27
2014-05-02,86.0016,80.0145
2014-05-05,80.0967,83.9885
2014-05-06,48.6522,71.5835
2014-05-07,29.0351,52.5947
2014-05-08,15.7326,31.14
2014-05-09,35.6829,26.8169
2014-05-12,61.4503,37.6219
2014-05-13,83.3919,60.175
2014-05-14,86.7815,77.2079
2014-05-15,70.2875,80.1536
2014-05-16,48.3712,68.4801
2014-05-19,46.574,55.0776
2014-05-20,53.0453,49.3302
2014-05-21,77.6519,59.0904
2014-05-22,86.669,72.4554
2014-05-23,96.1576,86.8261
2014-05-27,96.4564,93.0943
2014-05-28,93.3742,95.3294
2014-05-29,84.6842,91.505
2014-05-30,73.7485,83.9357
2014-06-02,58.4925,72.3084
2014-06-03,37.8683,56.7031
2014-06-04,23.3145,39.8918
2014-06-05,33.2972,31.4933
2014-06-06,56.6031,37.7383
2014-06-09,81.0578,56.9861
2014-06-10,87.9548,75.2053
2014-06-11,86.5467,85.1865
2014-06-12,60.6528,78.3848
2014-06-13,42.8667,63.3554
2014-06-16,21.9855,41.835
2014-06-17,21.5919,28.8147
2014-06-18,35.2162,26.2645
2014-06-19,64.1702,40.3261
2014-06-20,89.306,62.8975
2014-06-23,97.494,83.6567
2014-06-24,88.3675,91.7225
2014-06-25,89.2073,91.6896
2014-06-26,82.5658,86.7135
2014-06-27,85.7467,85.8399
2014-06-30,75.9877,81.4334
2014-07-01,79.6876,80.474
2014-07-02,78.2303,77.9685
2014-07-03,87.3447,81.7542
2014-07-07,78.4223,81.3324
2014-07-08,60.843,75.5367
2014-07-09,45.8768,61.714
2014-07-10,33.9497,46.8898
2014-07-11,47.8625,42.563
2014-07-14,64.3006,48.7042
2014-07-15,86.5145,66.2259
2014-07-16,89.6165,80.1439
2014-07-17,65.468,80.533
2014-07-18,65.0764,73.387
2014-07-21,64.5892,65.0445
2014-07-22,84.026,71.2306
2014-07-23,82.1187,76.9113
2014-07-24,78.8881,81.6776
2014-07-25,59.584,73.5303
2014-07-28,43.2746,60.5822
2014-07-29,26.208,43.0222
2014-07-30,25.5945,31.6924
2014-07-31,14.8821,22.2282
2014-08-01,14.1334,18.2033
2014-08-04,18.7775,15.931
2014-08-05,19.4566,17.4558
2014-08-06,24.8204,21.0181
2014-08-07,19.0509,21.1093
2014-08-08,35.0459,26.3057
2014-08-11,47.9875,34.0281
2014-08-12,49.4746,44.1694
2014-08-13,63.2629,53.575
2014-08-14,68.4979,60.4118
2014-08-15,82.696,71.4856
2014-08-18,79.8815,77.0251
2014-08-19,85.3133,82.6303
2014-08-20,90.2959,85.1636
2014-08-21,85.7433,87.1175
2014-08-22,72.4338,82.8243
2014-08-25,49.5447,69.2406
2014-08-26,28.295,50.0912
2014-08-27,10.9881,29.6092
2014-08-28,10.0516,16.4449
2014-08-29,14.2583,11.766
2014-09-02,35.5009,19.937
2014-09-03,54.4014,34.7202
2014-09-04,72.2336,54.0453
2014-09-05,81.5442,69.393
2014-09-08,88.797,80.8583
2014-09-09,74.488,81.6097
2014-09-10,55.8047,73.0299
2014-09-11,36.7309,55.6745
2014-09-12,27.0188,39.8515
2014-09-15,21.0133,28.2543
2014-09-16,35.6682,27.9001
2014-09-17,62.0208,39.5674
2014-09-18,87.0918,61.5936
2014-09-19,94.3595,81.1573
2014-09-22,86.358,89.2698
2014-09-23,57.8804,79.5326
2014-09-24,40.6202,61.6196
2014-09-25,21.3507,39.9504
2014-09-26,21.8404,27.9371
2014-09-29,15.6105,19.6006
2014-09-30,25.4725,20.9745
2014-10-01,22.5518,21.2116
2014-10-02,26.812,24.9454
2014-10-03,39.7524,29.7054
2014-10-06,64.2013,43.5886
2014-10-07,51.3614,51.7717
2014-10-08,48.5253,54.696
2014-10-09,26.88,42.2556
2014-10-10,26.4851,33.9635
2014-10-13,5.2903,19.5518
2014-10-14,4.4401,12.0718
2014-10-15,11.3941,7.0415
2014-10-16,17.6308,11.155
2014-10-17,15.8225,14.9491
2014-10-20,19.3353,17.5962
2014-10-21,37.897,24.3516
2014-10-22,61.6271,39.6198
2014-10-23,81.3359,60.2867
2014-10-24,83.4445,75.4692
2014-10-27,83.2513,82.6772
2014-10-28,85.8799,84.1919
2014-10-29,83.415,84.182
2014-10-30,84.0345,84.4431
2014-10-31,83.442,83.6305
2014-11-03,84.1684,83.8816
2014-11-04,79.8649,82.4918
2014-11-05,52.2582,72.0972
2014-11-06,28.9205,53.6812
2014-11-07,10.9758,30.7182
2014-11-10,22.1899,20.6954
2014-11-11,41.6366,24.9341
2014-11-12,59.2837,41.0367
2014-11-13,59.9227,53.6143
2014-11-14,48.876,56.0275
2014-11-17,31.7386,46.8458
2014-11-18,16.8531,32.4892
2014-11-19,18.2157,22.2692
2014-11-20,23.188,19.4189
2014-11-21,39.2587,26.8875
2014-11-24,51.8522,38.0996
2014-11-25,68.6929,53.2679
2014-11-26,74.6577,65.0676
2014-11-28,75.1448,72.8318
2014-12-01,54.1015,67.968
2014-12-02,39.3817,56.2093
2014-12-03,20.0108,37.8313
2014-12-04,36.3506,31.9143
2014-12-05,28.9722,28.4445
2014-12-08,31.4298,32.2509
2014-12-09,35.2295,31.8772
2014-12-10,44.3281,36.9958
2014-12-11,52.9893,44.1823
2014-12-12,27.5143,41.6106
2014-12-15,17.2749,32.5928
2014-12-16,5.2664,16.6852
2014-12-17,17.0578,13.1997
2014-12-18,34.9414,19.0885
2014-12-19,57.1762,36.3918
2014-12-22,77.3034,56.4737
2014-12-23,88.4814,74.3203
2014-12-24,88.6161,84.8003
2014-12-26,89.392,88.8299
2014-12-29,84.0488,87.3523
2014-12-30,72.159,81.8666
2014-12-31,41.5307,65.9128
2015-01-02,19.1258,44.2718
2015-01-05,5.3501,22.0022
2015-01-06,4.2454,9.5738
2015-01-07,3.6326,4.4093
2015-01-08,12.0964,6.6581
2015-01-09,16.3055,10.6781
2015-01-12,20.6514,16.3511
2015-01-13,25.5806,20.8458
2015-01-14,45.9669,30.733
2015-01-15,66.3315,45.9597
2015-01-16,84.8898,65.7294
2015-01-20,83.384,78.2017
2015-01-21,88.9672,85.747
2015-01-22,87.4683,86.6065
2015-01-23,94.9958,90.4771
2015-01-26,90.1516,90.8719
2015-01-27,70.0137,85.0537
2015-01-28,38.4352,66.2002
2015-01-29,19.2155,42.5548
2015-01-30,36.4184,31.3564
2015-02-02,59.9336,38.5225
2015-02-03,76.4072,57.5864
2015-02-04,66.2701,67.537
2015-02-05,59.2642,67.3138
2015-02-06,57.3459,60.9601
2015-02-09,52.488,56.366
2015-02-10,67.7702,59.2013
2015-02-11,73.7985,64.6856
2015-02-12,90.0541,77.2076
2015-02-13,90.3402,84.7309
2015-02-17,85.0523,88.4822
2015-02-18,67.7487,81.0471
2015-02-19,53.498,68.7663
2015-02-20,37.8999,53.0489
2015-02-23,29.2686,40.2222
2015-02-24,26.6002,31.2562
2015-02-25,48.18,34.6829
2015-02-26,76.6773,50.4858
2015-02-27,89.0832,71.3135
2015-03-02,92.8273,86.1959
2015-03-03,92.1557,91.3554
2015-03-04,94.4237,93.1356
2015-03-05,91.6001,92.7265
2015-03-06,75.2717,87.0985
2015-03-09,57.7639,74.8786
2015-03-10,28.2718,53.7691
2015-03-11,13.3394,33.125
2015-03-12,7.4348,16.3487
2015-03-13,10.9989,10.591
2015-03-16,27.0131,15.1489
2015-03-17,36.1548,24.7223
2015-03-18,64.9216,42.6965
2015-03-19,75.9793,59.0186
2015-03-20,90.867,77.256
2015-03-23,83.7628,83.5364
2015-03-24,84.0962,86.242
2015-03-25,58.8972,75.5854
2015-03-26,39.5614,60.8516
2015-03-27,11.8086,36.7557
2015-03-30,11.4711,20.9471
2015-03-31,6.8482,10.0426
2015-04-01,11.8414,10.0536
2015-04-02,9.5462,9.4119
2015-04-06,17.4155,12.9344
2015-04-07,22.0358,16.3325
2015-04-08,38.024,25.8251
2015-04-09,54.6512,38.237
2015-04-10,69.143,53.9394
2015-04-13,64.8504,62.8815
2015-04-14,43.4794,59.1576
2015-04-15,34.0009,47.4436
2015-04-16,36.61,38.0301
2015-04-17,36.2101,35.607
2015-04-20,50.2441,41.0214
2015-04-21,56.8253,47.7598
2015-04-22,82.9141,63.3278
2015-04-23,82.9148,74.2181
2015-04-24,88.399,84.7426
2015-04-27,77.9021,83.0719
2015-04-28,67.5342,77.9451
2015-04-29,48.09,64.5088
2015-04-30,30.2169,48.6137
2015-05-01,17.3704,31.8924
2015-05-04,19.9224,22.5033
2015-05-05,18.3933,18.562
2015-05-06,16.4811,18.2656
2015-05-07,18.3291,17.7345
2015-05-08,42.5927,25.801
2015-05-11,62.1084,41.0101
2015-05-12,60.855,55.1854
2015-05-13,48.973,57.3121
2015-05-14,51.8541,53.894
2015-05-15,56.2889,52.372
2015-05-18,60.0662,56.0697
2015-05-19,58.0405,58.1319
2015-05-20,65.6014,61.236
2015-05-21,79.2326,67.6248
2015-05-22,79.5297,74.7879
2015-05-26,60.5273,73.0965
2015-05-27,53.2354,64.4308
2015-05-28,51.8286,55.1971
2015-05-29,51.3394,52.1344
2015-06-01,41.2507,48.1395
2015-06-02,41.9059,44.832
2015-06-03,62.3058,48.4875
2015-06-04,66.1469,56.7862
2015-06-05,51.0917,59.8481
2015-06-08,26.6368,47.9584
2015-06-09,15.7869,31.1718
2015-06-10,33.0647,25.1628
2015-06-11,56.1373,34.9963
2015-06-12,69.6038,52.9352
2015-06-15,52.4108,59.3839
2015-06-16,37.4332,53.1493
2015-06-17,29.6846,39.8429
2015-06-18,50.9273,39.3484
2015-06-19,71.3769,50.6629
2015-06-22,83.0809,68.4617
2015-06-23,80.5962,78.3513
2015-06-24,69.0587,77.5786
2015-06-25,52.5468,67.4006
2015-06-26,25.958,49.1879
2015-06-29,9.3699,29.2916
2015-06-30,2.4897,12.6058
2015-07-01,6.8824,6.2473
2015-07-02,14.1472,7.8397
2015-07-06,28.9983,16.6759
2015-07-07,53.3205,32.1553
2015-07-08,49.4971,43.9386
2015-07-09,51.2963,51.3713
2015-07-10,50.3395,50.3776
2015-07-13,78.0882,59.908
2015-07-14,91.5724,73.3334
2015-07-15,91.6952,87.1186
2015-07-16,91.778,91.6819
2015-07-17,94.5996,92.6909
2015-07-20,96.1504,94.176
2015-07-21,93.2055,94.6518
2015-07-22,88.7148,92.6903
2015-07-23,61.2731,81.0645
2015-07-24,32.0042,60.664
2015-07-27,7.3981,33.5585
2015-07-28,8.7934,16.0652
2015-07-29,17.0094,11.067
2015-07-30,27.6982,17.8337
2015-07-31,34.9698,26.5592
2015-08-03,49.3201,37.3294
2015-08-04,52.9788,45.7562
2015-08-05,69.4713,57.2567
2015-08-06,71.9534,64.8012
2015-08-07,68.4726,69.9657
2015-08-10,50.9882,63.8047
2015-08-11,48.2402,55.9003
2015-08-12,55.5159,51.5815
2015-08-13,64.6603,56.1388
2015-08-14,61.4982,60.5581
2015-08-17,53.0473,59.7353
2015-08-18,45.1691,53.2382
2015-08-19,45.8446,48.0203
2015-08-20,37.7131,42.9089
2015-08-21,25.9586,36.5054
2015-08-24,13.5572,25.743
2015-08-25,13.6831,17.733
2015-08-26,35.2273,20.8225
2015-08-27,57.9926,35.6343
2015-08-28,80.1579,57.7926
2015-08-31,78.3365,72.1623
2015-09-01,50.0265,69.507
2015-09-02,35.9321,54.7651
2015-09-03,25.5848,37.1811
2015-09-04,28.3752,29.964
2015-09-08,41.5032,31.8211
2015-09-09,50.6589,40.1791
2015-09-10,73.2053,55.1225
2015-09-11,78.9788,67.6143
2015-09-14,88.8084,80.3308
2015-09-15,90.2417,86.0096
2015-09-16,87.7164,88.9222
2015-09-17,84.6324,87.5301
2015-09-18,65.7784,79.3757
2015-09-21,50.1012,66.8373
2015-09-22,31.5555,49.145
2015-09-23,27.6666,36.4411
2015-09-24,29.5188,29.5803
2015-09-25,23.9646,27.05
2015-09-28,21.9994,25.1609
2015-09-29,10.4292,18.7977
2015-09-30,24.8741,19.1009
2015-10-01,38.4088,24.5707
2015-10-02,66.7512,43.3447
2015-10-05,83.3987,62.8529
2015-10-06,96.0792,82.0764
2015-10-07,91.0396,90.1725
2015-10-08,83.9741,90.3643
2015-10-09,77.2312,84.0817
2015-10-12,77.4066,79.5373
2015-10-13,79.7473,78.1284
2015-10-14,80.9519,79.3686
2015-10-15,84.5276,81.7423
2015-10-16,86.6681,84.0492
2015-10-19,93.7634,88.3197
2015-10-20,71.061,83.8308
2015-10-21,42.4535,69.0926
2015-10-22,23.4994,45.6713
2015-10-23,37.2941,34.4156
2015-10-26,62.9555,41.2496
2015-10-27,74.8008,58.3501
2015-10-28,78.7651,72.1738
2015-10-29,70.0974,74.5544
2015-10-30,62.6808,70.5144
2015-11-02,68.3732,67.0505
2015-11-03,79.6957,70.2499
2015-11-04,89.1312,79.0667
2015-11-05,81.8907,83.5725
2015-11-06,80.0691,83.697
2015-11-09,66.5312,76.1636
2015-11-10,56.9573,67.8525
2015-11-11,54.3305,59.273
2015-11-12,59.4983,56.9287
2015-11-13,44.267,52.6986
2015-11-16,39.0368,47.6007
2015-11-17,35.8725,39.7254
2015-11-18,67.2725,47.3939
2015-11-19,76.8973,60.0141
2015-11-20,93.5913,79.2537
2015-11-23,89.5025,86.6637
2015-11-24,79.936,87.6766
2015-11-25,61.6835,77.0406
2015-11-27,50.7895,64.1363
2015-11-30,37.5306,50.0012
2015-12-01,54.6947,47.6716
2015-12-02,58.1941,50.1398
2015-12-03,62.4187,58.4358
2015-12-04,55.6629,58.7586
2015-12-07,54.7435,57.6084
2015-12-08,62.3133,57.5732
2015-12-09,52.9892,56.682
2015-12-10,46.7102,54.0042
2015-12-11,30.5192,43.4062
2015-12-14,34.6604,37.2966
2015-12-15,37.5724,34.2507
2015-12-16,66.4079,46.2136
2015-12-17,68.9107,57.6303
2015-12-18,66.0145,67.111
2015-12-21,48.0417,60.9889
2015-12-22,42.28,52.1121
2015-12-23,45.6991,45.3403
2015-12-24,53.0858,47.0216
2015-12-28,69.6204,56.1351
2015-12-29,83.2984,68.6682
2015-12-30,87.8532,80.2574
2015-12-31,67.4661,79.5392
2016-01-04,44.504,66.6078
2016-01-05,27.2362,46.4021
2016-01-06,25.0518,32.264
2016-01-07,22.6559,24.9813
2016-01-08,16.1662,21.2913
2016-01-11,14.6917,17.8379
2016-01-12,27.0567,19.3049
2016-01-13,27.4297,23.0594
2016-01-14,37.5501,30.6788
2016-01-15,26.4717,30.4839
2016-01-19,35.9286,33.3168
2016-01-20,30.8745,31.0916
2016-01-21,47.5735,38.1255
2016-01-22,68.0709,48.8396
2016-01-25,77.1062,64.2502
2016-01-26,77.7789,74.3187
2016-01-27,51.4847,68.7899
2016-01-28,59.8096,63.0244
2016-01-29,68.2968,59.8637
2016-02-01,93.2631,73.7899
2016-02-02,86.774,82.778
2016-02-03,61.0624,80.3665
2016-02-04,33.136,60.3241
2016-02-05,9.6463,34.6149
2016-02-08,8.5414,17.1079
2016-02-09,10.7138,9.6338
2016-02-10,20.6538,13.303
2016-02-11,31.8094,21.059
2016-02-12,44.1618,32.2083
2016-02-16,55.9547,43.9753
2016-02-17,71.8586,57.325
2016-02-18,76.839,68.2175
2016-02-19,76.1016,74.9331
2016-02-22,69.1853,74.042
2016-02-23,54.167,66.4846
2016-02-24,51.4177,58.2567
2016-02-25,51.7432,52.4426
2016-02-26,69.7255,57.6288
2016-02-29,67.7858,63.0848
2016-03-01,75.4773,70.9962
2016-03-02,82.7091,75.324
2016-03-03,87.3766,81.8543
2016-03-04,73.7715,81.2857
2016-03-07,50.0596,70.4026
2016-03-08,36.3461,53.3924
2016-03-09,36.0648,40.8235
2016-03-10,57.1527,43.1878
2016-03-11,82.1062,58.4412
2016-03-14,92.6633,77.3074
2016-03-15,90.8315,88.5336
2016-03-16,89.563,91.0192
2016-03-17,86.096,88.8301
2016-03-18,82.031,85.8967
2016-03-21,81.6195,83.2488
2016-03-22,81.502,81.7175
2016-03-23,72.9436,78.6884
2016-03-24,51.1077,68.5178
2016-03-28,30.4175,51.4896
2016-03-29,44.329,41.9514
2016-03-30,59.5115,44.7527
2016-03-31,72.3148,58.7185
2016-04-01,67.6625,66.4963
2016-04-04,61.6644,67.2139
2016-04-05,46.7303,58.6857
2016-04-06,42.2562,50.2169
2016-04-07,32.7244,40.5703
2016-04-08,36.3549,37.1119
2016-04-11,18.7112,29.2635
2016-04-12,34.5038,29.8566
2016-04-13,56.8142,36.6764
2016-04-14,82.8461,58.0547
2016-04-15,88.7739,76.1447
2016-04-18,91.272,87.6307
2016-04-19,75.7185,85.2548
2016-04-20,50.0205,72.337
2016-04-21,33.88,53.2064
2016-04-22,24.365,36.0885
2016-04-25,24.6019,27.6156
2016-04-26,11.6733,20.2134
2016-04-27,15.2148,17.1633
2016-04-28,10.6176,12.5019
2016-04-29,11.2849,12.3724
2016-05-02,13.0379,11.6468
2016-05-03,16.4355,13.5861
2016-05-04,21.6728,17.0487
2016-05-05,44.4291,27.5125
2016-05-06,72.2332,46.1117
2016-05-09,90.1727,68.945
2016-05-10,92.0905,84.8321
2016-05-11,82.5186,88.2606
2016-05-12,74.9216,83.1769
2016-05-13,45.8381,67.7594
2016-05-16,42.3453,54.3683
2016-05-17,26.599,38.2608
2016-05-18,32.2323,33.7255
2016-05-19,17.7896,25.5403
2016-05-20,31.7692,27.2637
2016-05-23,32.2276,27.2621
2016-05-24,59.6008,41.1992
2016-05-25,73.0541,54.9608
2016-05-26,91.3089,74.6546
2016-05-27,91.0931,85.152
2016-05-31,89.4579,90.62
2016-06-01,85.2158,88.5889
2016-06-02,70.6555,81.7764
2016-06-03,44.4838,66.785
2016-06-06,23.013,46.0508
2016-06-07,8.6783,25.3917
2016-06-08,30.3342,20.6752
2016-06-09,58.9499,32.6541
2016-06-10,66.6577,51.9806
2016-06-13,46.8139,57.4738
2016-06-14,26.0786,46.5167
2016-06-15,27.1362,33.3429
2016-06-16,32.6871,28.634
2016-06-17,25.1779,28.3337
2016-06-20,18.4801,25.4483
2016-06-21,15.2513,19.6364
2016-06-22,22.9547,18.8954
2016-06-23,40.5944,26.2668
2016-06-24,35.3774,32.9755
2016-06-27,28.9291,34.9669
2016-06-28,20.658,28.3215
2016-06-29,36.5995,28.7289
2016-06-30,65.4796,40.9124
2016-07-01,83.0833,61.7208
2016-07-05,91.0367,79.8665
2016-07-06,84.8594,86.3264
2016-07-07,74.4597,83.4519
2016-07-08,81.7335,80.3509
2016-07-11,86.4905,80.8946
2016-07-12,95.9669,88.0636
2016-07-13,89.5803,90.6792
2016-07-14,87.5649,91.0373
2016-07-15,79.1601,85.4351
2016-07-18,81.8251,82.85
2016-07-19,85.4637,82.1496
2016-07-20,94.7762,87.355
2016-07-21,93.5942,91.278
2016-07-22,92.888,93.7528
2016-07-25,86.0655,90.8493
2016-07-26,73.2099,84.0545
2016-07-27,65.1663,74.8139
2016-07-28,66.9376,68.4379
2016-07-29,77.5019,69.8686
2016-08-01,80.8494,75.0963
2016-08-02,80.0168,79.456
2016-08-03,81.4883,80.7848
2016-08-04,71.7387,77.7479
2016-08-05,77.6774,76.9681
2016-08-08,80.9226,76.7796
2016-08-09,89.0718,82.5573
2016-08-10,83.2682,84.4209
2016-08-11,76.5171,82.9524
2016-08-12,64.9001,74.8951
2016-08-15,46.6724,62.6965
2016-08-16,30.2761,47.2829
2016-08-17,28.8302,35.2596
2016-08-18,30.3991,29.8351
2016-08-19,28.1592,29.1295
2016-08-22,20.4053,26.3212
2016-08-23,16.0616,21.542
2016-08-24,16.1713,17.5461
2016-08-25,25.6198,19.2842
2016-08-26,36.3198,26.037
2016-08-29,53.4397,38.4597
2016-08-30,53.7922,47.8506
2016-08-31,47.802,51.678
2016-09-01,37.9337,46.5093
2016-09-02,44.9949,43.5769
2016-09-06,64.7206,49.2164
2016-09-07,81.0724,63.596
2016-09-08,78.6775,74.8235
2016-09-09,48.96,69.57
2016-09-12,37.3578,54.9985
2016-09-13,24.0282,36.782
2016-09-14,34.7681,32.0514
2016-09-15,47.2405,35.3456
2016-09-16,65.6894,49.2327
2016-09-19,73.0813,62.0037
2016-09-20,70.7176,69.8294
2016-09-21,77.1788,73.6592
2016-09-22,88.9169,78.9378
2016-09-23,90.8451,85.6469
2016-09-26,68.4738,82.7453
2016-09-27,61.3566,73.5585
2016-09-28,48.7585,59.5296
2016-09-29,43.6955,51.2702
2016-09-30,31.8303,41.4281
2016-10-03,21.1505,32.2254
2016-10-04,31.245,28.0753
2016-10-05,34.611,29.0022
2016-10-06,47.9427,37.9329
2016-10-07,48.5681,43.7073
2016-10-10,61.4929,52.6679
2016-10-11,61.0497,57.0369
2016-10-12,70.0798,64.2074
2016-10-13,54.4202,61.8499
2016-10-14,44.9069,56.4689
2016-10-17,33.1129,44.1466
2016-10-18,47.529,41.8496
2016-10-19,68.0662,49.5694
2016-10-20,80.4479,65.3477
2016-10-21,81.3836,76.6326
2016-10-24,82.289,81.3735
2016-10-25,77.9652,80.5459
2016-10-26,58.5461,72.9334
2016-10-27,32.6393,56.3835
2016-10-28,17.6713,36.2855
2016-10-31,10.7705,20.3604
2016-11-01,12.4073,13.6164
2016-11-02,10.6472,11.275
2016-11-03,11.9266,11.6604
2016-11-04,13.4432,12.0057
2016-11-07,37.4453,20.9384
2016-11-08,65.1597,38.6827
2016-11-09,82.6086,61.7379
2016-11-10,64.1173,70.6286
2016-11-11,37.254,61.3266
2016-11-14,15.7357,39.0357
2016-11-15,23.0609,25.3502
2016-11-16,39.7312,26.1759
2016-11-17,67.7989,43.5303
2016-11-18,74.7772,60.7691
2016-11-21,81.8617,74.8126
2016-11-22,71.9952,76.2114
2016-11-23,57.631,70.496
2016-11-25,41.0676,56.8979
2016-11-28,36.5193,45.0726
2016-11-29,49.1092,42.232
2016-11-30,43.5687,43.0657
2016-12-01,34.2794,42.3191
2016-12-02,23.444,33.764
2016-12-05,39.6024,32.442
2016-12-06,51.5272,38.1912
2016-12-07,74.1279,55.0858
2016-12-08,85.2984,70.3178
2016-12-09,98.0348,85.8204
2016-12-12,96.3381,93.2238
2016-12-13,92.3292,95.5674
2016-12-14,85.898,91.5218
2016-12-15,79.1765,85.8012
2016-12-16,62.2523,75.7756
2016-12-19,50.0739,63.8342
2016-12-20,44.4065,52.2442
2016-12-21,50.1958,48.2254
2016-12-22,47.0036,47.202
2016-12-23,37.7218,44.9737
2016-12-27,34.0473,39.5909
2016-12-28,26.8499,32.873
2016-12-29,23.8602,28.2524
2016-12-30,12.7296,21.1466
2017-01-03,27.6246,21.4048
2017-01-04,43.8894,28.0812
2017-01-05,74.8735,48.7959
2017-01-06,87.5495,68.7708
2017-01-09,94.5715,85.6648
2017-01-10,88.7717,90.2976
2017-01-11,87.5799,90.3077
2017-01-12,84.0476,86.7997
2017-01-13,81.2363,84.2879
2017-01-17,65.6936,76.9925
2017-01-18,58.2083,68.3794
2017-01-19,42.4326,55.4449
2017-01-20,41.6696,47.4369
2017-01-23,53.3862,45.8295
2017-01-24,75.6936,56.9165
2017-01-25,94.6492,74.5763
2017-01-26,91.8153,87.386
2017-01-27,78.2708,88.2451
2017-01-30,47.0281,72.3714
2017-01-31,23.129,49.4759
2017-02-01,9.4107,26.5226
2017-02-02,12.6094,15.0497
2017-02-03,22.9874,15.0025
2017-02-06,42.9322,26.1763
2017-02-07,64.9805,43.6334
2017-02-08,78.0588,61.9905
2017-02-09,83.5122,75.5171
2017-02-10,86.9724,82.8478
2017-02-13,89.7979,86.7608
2017-02-14,90.0882,88.9528
2017-02-15,85.4626,88.4496
2017-02-16,87.903,87.8179
2017-02-17,92.1939,88.5198
2017-02-21,96.0335,92.0435
2017-02-22,90.5949,92.9408
2017-02-23,85.7113,90.7799
2017-02-24,75.5372,83.9478
2017-02-27,68.3726,76.5404
2017-02-28,47.6113,63.8404
2017-03-01,59.0973,58.3604
2017-03-02,60.5691,55.7592
2017-03-03,71.3173,63.6612
2017-03-06,55.8289,62.5718
2017-03-07,57.054,61.4001
2017-03-08,66.0671,59.65
2017-03-09,78.0166,67.0459
2017-03-10,86.012,76.6986
2017-03-13,87.1659,83.7315
2017-03-14,86.765,86.6476
2017-03-15,85.8035,86.5781
2017-03-16,84.4539,85.6741
2017-03-17,87.1228,85.7934
2017-03-20,77.3464,82.9744
2017-03-21,52.0532,72.1741
2017-03-22,25.1501,51.5166
2017-03-23,9.315,28.8394
2017-03-24,11.4938,15.3196
2017-03-27,19.1738,13.3275
2017-03-28,33.0507,21.2394
2017-03-29,60.7079,37.6441
2017-03-30,80.9117,58.2234
2017-03-31,91.5351,77.7182
2017-04-03,90.2133,87.5534
2017-04-04,81.277,87.6751
2017-04-05,61.3724,77.6209
2017-04-06,33.8575,58.8357
2017-04-07,18.1745,37.8015
2017-04-10,15.6845,22.5722
2017-04-11,21.0216,18.2935
2017-04-12,27.2674,21.3245
2017-04-13,38.5401,28.943
2017-04-17,62.6435,42.817
2017-04-18,80.2044,60.4627
2017-04-19,89.5522,77.4667
2017-04-20,85.5045,85.087
2017-04-21,85.4826,86.8464
2017-04-24,91.0394,87.3422
2017-04-25,93.6948,90.0723
2017-04-26,93.0063,92.5802
2017-04-27,92.062,92.921
2017-04-28,88.9683,91.3455
2017-05-01,90.2487,90.4263
2017-05-02,89.2191,89.4787
2017-05-03,94.0257,91.1645
2017-05-04,92.5377,91.9275
2017-05-05,86.7525,91.1053
2017-05-08,84.1796,87.8233
2017-05-09,81.1887,84.0403
2017-05-10,67.1812,77.5165
2017-05-11,54.4713,67.6137
2017-05-12,49.4271,57.0265
2017-05-15,69.3795,57.7593
2017-05-16,85.0919,67.9662
2017-05-17,65.8974,73.4563
2017-05-18,51.2792,67.4228
2017-05-19,39.3138,52.1634
2017-05-22,69.0028,53.1986
2017-05-23,83.5359,63.9509
2017-05-24,95.5646,82.7011
2017-05-25,94.7598,91.2868
2017-05-26,94.4809,94.9351
2017-05-30,94.2829,94.5078
2017-05-31,80.6215,89.7951
2017-06-01,66.2931,80.3991
2017-06-02,60.2586,69.0577
2017-06-05,72.3909,66.3142
2017-06-06,75.8593,69.5029
2017-06-07,73.5825,73.9442
2017-06-08,70.334,73.2586
2017-06-09,59.7826,67.8997
2017-06-12,47.7081,59.2749
2017-06-13,39.9743,49.155
2017-06-14,48.0583,45.2469
2017-06-15,48.4582,45.4969
2017-06-16,47.9295,48.1487
2017-06-19,60.7511,52.3796
2017-06-20,71.2012,59.9606
2017-06-21,84.7692,72.2405
2017-06-22,83.1724,79.7143
2017-06-23,92.2191,86.7202
2017-06-26,64.0644,79.8186
2017-06-27,36.1046,64.1294
2017-06-28,17.8217,39.3303
2017-06-29,18.401,24.1091
2017-06-30,18.272,18.1649
2017-07-03,6.4639,14.379
2017-07-05,14.4113,13.0491
2017-07-06,25.0725,15.3159
2017-07-07,48.0149,29.1662
2017-07-10,68.1086,47.0653
2017-07-11,89.209,68.4441
2017-07-12,95.397,84.2382
2017-07-13,91.5478,92.0513
2017-07-14,92.0825,93.0091
2017-07-17,87.5509,90.3938
2017-07-18,90.2585,89.964
2017-07-19,88.6937,88.8344
2017-07-20,85.7312,88.2278
2017-07-21,84.6265,86.3505
2017-07-24,81.5261,83.9613
2017-07-25,61.7838,75.9788
2017-07-26,36.3666,59.8922
2017-07-27,15.6148,37.9217
2017-07-28,22.1256,24.7024
2017-07-31,26.7517,21.4974
2017-08-01,29.9713,26.2829
2017-08-02,32.1503,29.6244
2017-08-03,31.8916,31.3378
2017-08-04,35.5498,33.1973
2017-08-07,42.8827,36.7747
2017-08-08,51.9379,43.4568
2017-08-09,48.1105,47.6437
2017-08-10,29.0042,43.0175
2017-08-11,21.1047,32.7398
2017-08-14,29.8015,26.6368
2017-08-15,55.0055,35.3039
2017-08-16,71.5707,52.1259
2017-08-17,59.3659,61.9807
2017-08-18,37.5032,56.1466
2017-08-21,14.9337,37.2676
2017-08-22,32.5173,28.3181
2017-08-23,57.5814,35.0108
2017-08-24,75.5928,55.2305
2017-08-25,66.5446,66.5729
2017-08-28,40.9119,61.0164
2017-08-29,40.2057,49.2207
2017-08-30,56.7283,45.9486
2017-08-31,83.6536,60.1959
2017-09-01,91.4017,77.2612
2017-09-05,80.5622,85.2059
2017-09-06,61.8824,77.9488
2017-09-07,57.0756,66.5067
2017-09-08,46.6035,55.1872
2017-09-11,51.4501,51.7097
2017-09-12,49.8218,49.2918
2017-09-13,65.3417,55.5379
2017-09-14,51.0977,55.4204
2017-09-15,34.72,50.3865
2017-09-18,14.3201,33.3793
2017-09-19,25.4738,24.838
2017-09-20,49.5648,29.7862
2017-09-21,72.1498,49.0628
2017-09-22,81.1778,67.6308
2017-09-25,65.1394,72.8223
2017-09-26,55.8856,67.4009
2017-09-27,61.6838,60.9029
2017-09-28,80.0477,65.8724
2017-09-29,94.0965,78.6093
2017-10-02,91.1186,88.4209
2017-10-03,87.5365,90.9172
2017-10-04,71.5244,83.3932
2017-10-05,77.6155,78.8922
2017-10-06,81.5645,76.9015
2017-10-09,90.2868,83.1556
2017-10-10,79.352,83.7344
2017-10-11,78.5831,82.7407
2017-10-12,79.5066,79.1472
2017-10-13,83.7511,80.6136
2017-10-16,79.5421,80.9332
2017-10-17,79.6409,80.978
2017-10-18,76.6011,78.5947
2017-10-19,59.5798,71.9406
2017-10-20,50.8035,62.3281
2017-10-23,31.111,47.1648
2017-10-24,29.2803,37.0649
2017-10-25,25.4499,28.6137
2017-10-26,36.0789,30.2697
2017-10-27,49.463,36.9973
2017-10-30,56.9211,47.4877
2017-10-31,65.0431,57.1424
2017-11-01,66.0752,62.6798
2017-11-02,59.3467,63.4883
2017-11-03,71.1656,65.5292
2017-11-06,68.951,66.4878
2017-11-07,85.1974,75.1047
2017-11-08,81.4111,78.5199
2017-11-09,76.5068,81.0384
2017-11-10,57.2645,71.7275
2017-11-13,36.4437,56.7383
2017-11-14,33.6919,42.4667
2017-11-15,33.3067,34.4807
2017-11-16,52.9025,39.967
2017-11-17,47.0182,44.4091
2017-11-20,42.1375,47.3527
2017-11-21,45.0489,44.7349
2017-11-22,65.1952,50.7938
2017-11-24,88.7158,66.3199
2017-11-27,89.9433,81.2847
2017-11-28,83.0051,87.2214
2017-11-29,57.2947,76.7477
2017-11-30,29.5687,56.6228
2017-12-01,13.2975,33.3869
2017-12-04,10.5621,17.8094
2017-12-05,16.1301,13.3299
2017-12-06,36.5817,21.0913
2017-12-07,65.9627,39.5581
2017-12-08,86.1187,62.8877
2017-12-11,92.8787,81.6534
2017-12-12,88.6154,89.2043
2017-12-13,81.6861,87.7267
2017-12-14,71.5239,80.6084
2017-12-15,74.9735,76.0611
2017-12-18,83.998,76.8318
2017-12-19,89.2907,82.7541
2017-12-20,79.7483,84.3457
2017-12-21,63.6664,77.5685
2017-12-22,38.0134,60.4761
2017-12-26,25.62,42.4333
2017-12-27,11.1101,24.9145
2017-12-28,14.4941,17.0747
2017-12-29,9.1073,11.5705
2018-01-02,37.7867,20.4627
2018-01-03,63.4874,36.7938
2018-01-04,89.1268,63.467
2018-01-05,90.9092,81.1745
2018-01-08,91.7824,90.6061
2018-01-09,93.2051,91.9656
2018-01-10,83.7541,89.5806
2018-01-11,75.9933,84.3175
2018-01-12,77.0669,78.9381
2018-01-16,73.8396,75.6333
2018-01-17,77.751,76.2192
2018-01-18,71.7858,74.4588
2018-01-19,83.5346,77.6905
2018-01-22,86.405,80.5751
2018-01-23,93.7584,87.8993
2018-01-24,87.473,89.2121
2018-01-25,84.5023,88.5779
2018-01-26,82.521,84.8321
2018-01-29,77.771,81.5981
2018-01-30,57.0357,72.4425
2018-01-31,40.3984,58.4017
2018-02-01,31.7182,43.0508
2018-02-02,27.1898,33.1021
2018-02-05,14.4976,24.4685
2018-02-06,15.64,19.1091
2018-02-07,19.3267,16.4881
2018-02-08,18.5514,17.8393
2018-02-09,18.6902,18.8561
2018-02-12,35.254,24.1652
2018-02-13,57.2644,37.0695
2018-02-14,76.9122,56.4769
2018-02-15,87.4002,73.859
2018-02-16,93.3273,85.8799
2018-02-20,88.6955,89.8077
2018-02-21,80.7074,87.5768
2018-02-22,72.7808,80.7279
2018-02-23,73.0215,75.5032
2018-02-26,81.5439,75.782
2018-02-27,73.9244,76.1633
2018-02-28,47.5537,67.674
2018-03-01,15.4369,45.6383
2018-03-02,13.5147,25.5018
2018-03-05,26.6707,18.5408
2018-03-06,45.284,28.4898
2018-03-07,66.5723,46.1757
2018-03-08,84.3576,65.4046
2018-03-09,97.7114,82.8804
2018-03-12,94.4846,92.1845
2018-03-13,81.0025,91.0661
2018-03-14,66.9801,80.8224
2018-03-15,51.0133,66.332
2018-03-16,34.6201,50.8712
2018-03-19,19.6915,35.1083
2018-03-20,13.0129,22.4415
2018-03-21,13.4124,15.3723
2018-03-22,10.2669,12.2307
2018-03-23,4.2631,9.3141
2018-03-26,16.3337,10.2879
2018-03-27,17.8657,12.8208
2018-03-28,25.547,19.9155
2018-03-29,30.5394,24.6507
2018-04-02,38.2722,31.4529
2018-04-03,43.4481,37.4199
2018-04-04,46.9853,42.9019
2018-04-05,60.4724,50.302
2018-04-06,58.0996,55.1858
2018-04-09,49.3428,55.9716
2018-04-10,51.4987,52.9804
2018-04-11,55.1003,51.9806
2018-04-12,66.1636,57.5876
2018-04-13,57.3322,59.5321
2018-04-16,68.4439,63.9799
2018-04-17,73.6845,66.4869
2018-04-18,86.5557,76.228
2018-04-19,91.5503,83.9301
2018-04-20,83.0684,87.0581
